{"accuracy": 0.9775, "precision": 0.9775105344761834, "recall": 0.9775, "f1_score": 0.9774991560601134}